y,area,x,normal_x,sdf
-0.0025913834,1.0,0.0,-1.0,0.0
-0.49941832,1.0,1.0,1.0,0.0
